model,size,compiled,total,proportion_compiled
LLAMA3.1,8,131,186,0.7043010752688172
CODELLAMA7,7,12,12,1.0
CODELLAMA13,13,7,11,0.6363636363636364
DEEPSEEKV2,16,110,126,0.873015873015873
DEEPSEEKR1,8,19,27,0.7037037037037037
DEEPSEEKv1,1,19,46,0.41304347826086957
