model,acronym,size,compiled,total,proportion,regressions,time
llama3.1,LL3.1,8,103,186,0.553763440860215,5,107.74638438224792
codellama7,CL7,7,12,12,1.0,0,9.228920221328735
codellama13,CL13,13,7,11,0.6363636363636364,0,6.467935085296631
deepseekr1,DSR1,8,16,27,0.5925925925925926,0,17.469078302383423
deepseekv1instructed,DSC1,2,18,46,0.391304347826087,0,23.285475730895996
deepseekv2instructed,DSC2,16,102,126,0.8095238095238095,0,86.27148604393005

