model,size,compiled,total,proportion_compiled
LLAMA3.1,8,54,59,0.9152542372881356
DEEPSEEKV2,16,151,157,0.961783439490446
DEEPSEEKV1,7,36,65,0.5538461538461539
DEEPSEEKR1,8,75,98,0.7653061224489796
codellama,13,70,81,0.8641975308641975
codellama7,7,20,20,1.0
