model,size,compiled,total,proportion_compiled,regressions
DEEPSEEKCODERV2,16,102,127,0.8031496063,8
DEEPSEEKCODERV1,2,35,48,0.7291666667,0
DEEPSEEKR1,8,19,27,0.7037037037037037,0
CODELLAMA13,13,15,20,0.75,0
CODELLAMA7,7,22,22,1.0,0
LLAMA3.1,8,138,177,0.7779661016,38
CSMITH,8,1704,1704,1.0,93
YARPGEN,8,1530,1883,0.812533192,1