model,size,compiled,total,proportion_compiled,regressions
DEEPSEEKV2,16,151,157,0.961783439490446,33
DEEPSEEKV1,7,36,65,0.5538461538461539,20
DEEPSEEKR1,8,75,98,0.7653061224489796,4
CODELLAMA13,13,70,81,0.8641975308641975,0
CODELLAMA7,7,20,20,1.0,0
LLAMA3.1,8,115,122,0.94262295,22
CSMITH,8,511,511,1.0,33
YARPGEN,8,410,512,0.80078125,0