model,acronym,size,compiled,total,proportion,regressions,time
llama3.1,LL3.1,8,78,89,0.8764044943820225,0,65.12832045555115
codellama7,CL7,7,20,20,1.0,0,15.689424991607666
codellama13,CL13,13,70,81,0.8641975308641975,0,61.45711803436279
deepseekr1,DSR1,8,70,98,0.7142857142857143,1,66.34488701820374
deepseekv1instructed,DSV1,2,36,65,0.5538461538461539,0,40.64591097831726
deepseekv2instructed,DSV2,16,150,157,0.9554140127388535,1,121.7462546825409
