model,mean_seconds,std_seconds,mean_accuracy,std_accuracy,sample_size,text_length,lower_value,higher_value
deepseek-ai/DeepSeek-Coder-V2-Lite-Instruct,21.092249202728272,0.6157977459438237,,,10,4096,19.763726711273193,22.449915170669556
deepseek-ai/DeepSeek-Coder-V2-Lite-Instruct,22.99978733062744,3.7922279810824793,,,10,8192,20.585718154907227,33.165767669677734
deepseek-ai/DeepSeek-Coder-V2-Lite-Instruct,22.672718000411987,4.401375800345441,,,10,16384,17.903209924697876,34.99400448799133
deepseek-ai/DeepSeek-Coder-V2-Lite-Instruct,35.3759886264801,34.92905131381567,,,10,32768,20.71551537513733,139.83998894691467
