model,mean_seconds,std_seconds,mean_accuracy,std_accuracy,sample_size,text_length,lower_value,higher_value
deepseek-ai/DeepSeek-Coder-V2-Lite-Instruct,21.092249202728272,0.6157977459438237,,,10,4096,19.763726711273197,22.44991517066956
deepseek-ai/DeepSeek-Coder-V2-Lite-Instruct,22.99978733062744,3.7922279810824793,,,10,8192,20.585718154907227,33.165767669677734
deepseek-ai/DeepSeek-Coder-V2-Lite-Instruct,22.672718000411987,4.401375800345441,,,10,16384,17.903209924697876,34.99400448799133
deepseek-ai/DeepSeek-Coder-V2-Lite-Instruct,35.3759886264801,34.92905131381567,,,10,32768,20.71551537513733,139.83998894691467
meta-llama/Meta-Llama-3.1-8B-Instruct,32.686653637886046,2.3233123234990516,,,10,1024,25.759933710098267,33.959681034088135
meta-llama/Meta-Llama-3.1-8B-Instruct,105.53959403038024,0.24054194692512296,,,10,2048,105.17718982696533,105.86862993240356
meta-llama/Meta-Llama-3.1-8B-Instruct,266.11999824047086,0.2827752105844497,,,10,4096,265.6306822299957,266.46774196624756
