model,mean_seconds,std_seconds,mean_accuracy,std_accuracy,sample_size,text_length,
codellama/CodeLlama-7b-hf,7.460465717315674,0.4129561241576454,0.0,0.0,20.0,128.0
codellama/CodeLlama-7b-hf,15.587704420089722,0.0643517148911962,0.0,0.0,20.0,256.0
codellama/CodeLlama-7b-hf,33.195766842365266,0.1520243018048608,0.0,0.0,20.0,512.0
codellama/CodeLlama-7b-hf,70.61274592876434,8.715630888589288,0.0,0.0,20.0,1024.0
